,x0,x1,x2,y
0,-0.29050317334863224,1.0527323177462125,-0.1381814595116897,-0.766635625948263
1,0.11212804706227592,-0.6402930842689526,0.03758663903674032,-0.7648730964092688
2,1.250795122804082,-1.0123332966397707,0.2034167574570666,1.5087046417991168
3,-1.360889971122145,0.4274967304596286,0.45303458555783377,-0.879782995202979
4,0.0999328823085621,-0.37250179599436456,-0.9931262895260261,0.6550602803210219
5,-0.047991103088729926,0.029785376355809468,-0.35776254094411913,0.038965395945382744
6,-0.3562296902537634,0.8012225889833138,-0.2612614458236542,-0.549069726714677
7,-1.0885590869817245,-1.4251588693739805,-1.5137360018046542,-5.56105526683899
8,-0.3510176985582936,0.6115352734885824,0.3966632019918321,-0.024025902857969128
9,2.5883999536445135,-0.01718296655058287,1.050279328219593,-0.695995628893841
10,-0.5056507911475129,-0.22737893923657965,0.29703063642901295,0.2639418544303422
11,-0.5843092080840852,2.0864830576522007,-0.1952239433854697,-1.1403007640856113
12,-1.2730993757740623,-0.23304418558271978,1.3936047776782967,0.2084713743723834
13,0.74678303972771,-2.033607514120167,0.6708862520382696,3.364547854970396
14,-0.5583461171284797,1.7969508898154956,-0.7135720903583747,1.430447522125597
15,-0.11080155927666722,-1.4493908749097613,0.07585057983642533,-1.3260633207156505
16,-1.1873366345657792,-0.12280300827734253,-0.2138793838312565,-1.514288117885398
17,-1.00822591686796,0.22693211840466682,-0.042260345012137886,-1.3327573033852151
18,-0.6898617316047075,-0.6288042561361833,1.6548068768504376,0.9204974433695772
19,-0.08564259099946683,-0.13896058351967563,-0.33479751007482983,0.07954009146787984
20,0.8227532523451342,-1.6298223814860895,0.938396241138058,0.6571228372902345
21,0.9160238046214266,-0.035734579528124595,-1.1853252335223874,-0.8438346761040593
22,1.7168481119449408,-0.5545250130418078,-2.032004915048853,11.798195337701362
23,0.5192600915154597,0.0276037847466381,0.4646249260819625,-0.7661049406539553
24,1.8287160607876762,0.02478845397204916,0.6760149550041928,0.44946814635352617
25,1.0824122945014492,0.8390139423556705,0.08591044458139181,2.9309915282636094
26,0.36862427390781227,-1.3756983764763533,0.6004500463846512,0.3047040243713938
27,0.2945066228491157,0.07483064324442723,-0.24779508967455527,-0.32973066698184533
28,-1.3362037037374717,-0.10301576525849164,0.5957068426662953,2.1832033924671643
29,-1.043420596683901,-0.5782724056421088,-2.090191962723632,-5.023935129827165
30,-1.636993969069481,-0.08285573190263475,2.031484404549228,1.4585023884453943
31,1.328064428788407,-0.5785895203570972,0.4984984299863968,-0.8738416179159227
32,0.4174838946191938,0.9217125543095577,-0.025115464350811738,0.16348639856891523
33,0.7177446890260442,-0.8520420435824453,-0.5025315348955924,0.4999522986313422
34,1.0021574417811123,0.5804801207244532,0.08875361714187273,-1.1550687688526586
35,-0.2045271559150913,1.149691857029884,-0.28921037832813373,-0.9257036129169158
36,-0.03291976931054731,-0.004654767511813377,0.5273646182855392,1.3333973212377928
37,-0.3731369026953557,0.7698395017689887,-1.1932167849904867,-1.8001546419482597
38,0.3157877533196415,-1.034115708572352,-1.6517684625180908,-1.6454759828898096
39,-0.3047463218767405,1.1977810140968403,-0.6693217977857354,-0.038253546559997686
40,0.36265652428581985,1.272590062459585,1.057006964658561,1.499577370453137
41,-0.5606506155088616,0.2590245780246883,-0.5422085229792096,-0.5525582406773665
42,-0.301373576098297,-0.9119096567597884,-0.9472575432246357,-0.7263021137736841
43,0.3217232133920398,-0.5137219443284925,0.44298165816423646,-0.8167679043316494
44,0.3603667656786142,-1.7467435493422554,1.4056030559249026,2.198404287438587
45,-0.1954690422566582,0.7018423893681899,0.4644008913614359,1.0045367862880603
46,-1.3406125509219367,-0.9298008613084708,0.10564064049471178,-0.8975318097690053
47,1.0946172420403366,-0.5777054349315212,1.0105899728912566,0.34187933307281426
48,-1.1756372629648006,0.24427788518429758,-0.5542562290244036,0.6082514996633459
49,-0.29764720693921404,-0.038120210614158066,-1.8542516704833425,-0.6561848297411075
50,-0.5536131045462469,1.742197735172154,0.3602573784873838,2.205023352412174
51,-0.5550409930164457,-0.09300202182008337,-0.9122424520653987,-1.525328371444814
52,0.4462217684624691,0.24004068659136682,-2.365896250256874,-0.8862101800528035
53,0.8325468581748054,0.5547987109459583,0.41087847410474393,-0.7614946654877385
54,-0.30073120825844807,-0.43243212116625973,0.8430584728330931,-0.9632159014079924
55,-0.690426686670819,-0.2072080527597091,-1.54025871027772,-0.3356432689033967
56,-0.20401457664018194,-0.17409708443234465,-0.9549265761571134,0.7791179665049969
57,0.033682431410319374,-0.032669596457347426,0.46129511995645384,2.209887039500096
58,0.7005893678581143,2.6361988345728085,-0.7071707010188679,-3.130919784470361
59,-0.9963244400317806,-1.4585336977423446,0.6788051058475616,5.062455584688896
60,-0.7819126866136318,-0.9591840836375515,-0.33591228336217605,2.388660186141473
61,-1.432854647302702,-0.0645621514528338,-0.17991349342376728,-0.1824848163841517
62,-0.1442392560746999,-0.41298232651566447,0.1754310464549989,-0.06942010850360181
63,-1.2927799759332144,0.48985874246151484,0.17405413133124706,0.04696261046847329
64,0.55552090593349,1.949560188441578,0.416891329078811,2.59425678525004
65,1.1109930660373435,0.9628513065928098,0.00021990426626746127,2.159909334362248
66,0.25601230795519053,-0.8441777993549047,1.3943147365036859,0.32328141923460546
67,0.7545576013558329,0.5140932214766339,-0.3150520587469368,-0.22320059957883176
68,-1.9438722561207822,0.018360599957692163,0.49770642678264965,-0.9689406654170838
69,0.3707192881193391,1.0717838215304665,-0.40179761949211606,2.295140101649212
70,0.329303969449012,2.2411368295379237,0.8490338258521238,3.648201381055766
71,-0.7339607370278735,0.4399873561145678,0.8978751114015873,-0.5711786006161519
72,-3.6792112298102824,1.2357261606331977,0.06619196980596204,5.731271058312458
73,0.08685063215973413,1.0402127978458147,1.148222026668537,2.864079038465571
74,0.37767371012069606,0.9501736506387718,-0.7578664735155387,-0.7464216927413894
75,2.4929424065542087,-0.13452918170424166,-0.97498066312077,2.8087295257363314
76,0.25296193110820225,0.6826534540095153,0.7708838401969571,0.07487147805369232
77,-0.1882860163515747,0.2233445616173301,0.4525092068980202,0.13243033501740764
78,-1.1095745717234176,-0.15734003455604229,-0.24249829239125908,1.8384518109541288
79,0.1038984530602266,0.49014728894957066,-0.3891658886608297,-0.7964897251645375
80,1.3323662767286946,0.1673975985195317,0.07538273725042854,-0.584664005681178
81,1.1069780417268142,3.2027579930727716,2.050064836648424,38.72505924022238
82,-0.3960014132115441,-1.1156752401818977,2.1901411147546854,0.8264166873032455
83,-1.2402816230019786,-0.9368246293177459,-0.9178390572128858,-2.093863479470756
84,0.6559233211602336,0.5072188150251863,0.4894221382893728,-1.7805519851038034
85,2.38008059951449,0.9117387254351069,-0.5056688769926968,-10.917709283353584
86,-0.9746560181380847,-1.4261968445203623,0.595947876108104,2.8584550766533074
87,0.6601964126183234,-1.0757566670887642,-0.15581158254317304,2.1198324806627764
88,0.9676816097083067,-0.5495454198663283,-1.0036096890263428,2.630419949579684
89,-0.14074609208720262,0.2506139977803903,-0.7086527869951725,-1.343118782600699
90,-0.3996307522542539,0.7286416073819381,2.104174898409664,1.0724613740777023
91,0.33237790035523884,-0.44488366943420077,-1.497696036498331,-0.593375052510313
92,0.3667835710495931,0.7098437297153709,0.3374019462973543,-1.0474429317296905
93,0.6722699463308609,0.8496944019668493,-0.2867289515524903,1.852204544728934
94,-0.12611542215005977,0.722193001826094,-0.6121263811421103,0.2761768665994677
95,-0.31621674145977446,-1.1721146654011771,0.8404113125235967,1.644062475203387
96,0.7732724908086175,-0.5389521404845443,0.520894571999406,-0.05757860229072233
97,-1.7183056854095387,0.17379000850991044,-0.012817852039751413,-0.2994101493426747
98,1.12988437012838,-0.47179545208116686,-0.7741955581686311,0.9301719067497753
99,0.35091546708633,-0.011169154354784631,-0.2730608034007621,0.056475810564560774
100,-0.32824566952406614,1.5539514639755874,0.43906535675189556,2.1749912110240692
101,-1.6252151149520078,-0.9587104736406964,0.6735601000795236,8.240472007640456
102,-1.0242684331745961,0.7899491612447099,-1.662026438214369,3.275361718137926
103,0.3753996675122464,1.2004177748071565,-0.11339339976366794,0.3398186639846803
104,-0.9634541716648735,-1.2895997819950915,-1.3582065930263336,-1.9016919933518546
105,-0.2603227219885092,-2.0053766048876813,-1.9159270014467884,-5.9035194373603606
106,-1.9720999381291473,-0.4933137354409354,0.5400445418556954,6.134554306464648
107,-1.0647440470185585,0.012265943053843029,-0.4215065662065,-0.32753059785036504
108,1.1882744247727544,0.40782698188890304,0.9771325191370599,1.9522401603331643
109,0.35328473238954183,0.08710106507758603,-0.03447050248282528,0.059792744834856505
110,2.0826475369393487,0.5825869512391562,-1.0424850551684741,-9.36582856369657
111,-1.192949642699472,0.5984193811618257,1.6067095173583978,-3.63784343852109
112,-0.756503606267537,-1.0483469637782612,1.0959883873171974,1.5603701041482518
113,-0.20815747880850222,-0.19361521895476355,-2.103775619416257,1.2291954075055465
114,-0.19142847310020647,-0.5431095578147005,-0.2792044665533155,0.27057872328606497
115,0.7847775306204031,-1.0928984517919897,-0.2926641546302986,-1.4757271321734355
116,-0.7468786891669017,1.1247165990163142,0.21471148008767763,1.1803137422893215
117,-1.0548401609081537,-0.13441681414041232,0.43540543778624036,1.5880858852547803
118,0.6657913699732798,-0.5183448969507435,-0.34326043914661175,1.10943426392034
119,-2.6011884505300356,-0.6581055871697502,0.5522499953495829,16.058652789324775
120,-2.188267425680861,-1.123383658007628,-1.6569935865626324,-34.77656622109363
121,0.36622672071740464,-0.9784518728105739,-0.4413675590504738,-0.26577678476243605
122,1.135827409537943,-0.3316683240543309,0.5348093989828169,-0.5113945369273832
123,1.1972643444935844,0.8051609643477043,-0.4869734824029608,-0.644167341084354
124,0.9265620627311919,1.5926263454838847,-0.2296575701705562,-0.4497447499178895
125,-1.515465246283433,-1.1935810974992993,-0.8415775649690254,-5.379004698356518
126,-0.10474507960242702,0.10744634591698647,0.6025088963981584,0.6423247965224208
127,-0.2184969518224444,-0.30389872081819,-0.5603548374203421,1.3771361291105955
128,0.06701448870428268,-1.3008637834745254,1.0146184466594605,0.08294861068893467
129,-0.995413727767299,0.04353175389995781,-0.9398966302624708,-0.44817959115187594
130,0.009276289836937917,-0.22169878118146916,1.1329796832483627,-1.6642002062337369
131,0.8846015329447466,0.2628930176305699,1.0366096128694966,0.7131967739407111
132,0.9525295657758504,0.5908548595221383,-0.847018242107996,-2.2203676883016357
133,-0.028951236068719462,-0.0976369045042087,0.030007137586731538,1.9974764958413034
134,0.006407549751300609,-1.181048245999305,-0.6099609957784081,0.31813338041612327
135,0.6485737487071241,-0.10109642851329538,-0.4717221539609529,-0.19917335237843586
136,0.2590830321984861,0.012337622100609754,-1.9919172375352887,0.0027491890357380097
137,0.6926009721526779,2.1302608510439915,-0.8489666333832326,-1.1403269759477133
138,-1.1786624589544676,0.7276845079796842,-2.7222094105050063,6.950129001922072
139,0.02402891921812586,0.4051748914342308,1.7029894731119635,0.2519154221781945
140,-0.48901183722014374,-0.04533833757718452,0.2302178120794782,0.08658984771635125
141,-0.08480528137442274,1.4141156295303698,-0.07040781398765356,0.38548932810518016
142,0.041408402309545164,-0.2879603208941341,1.9399428271825274,1.258438297241163
143,-0.5493313208134524,-0.3160745443599574,-0.8535685653407047,-1.2775993491945719
144,-0.26766056106538516,-1.0605100265395726,-1.8313806454651909,-0.06622776545608922
145,0.9957486726171169,-0.5234825867650538,0.6893286804755387,-0.5976662766148927
146,1.9543658359421145,-0.09752263238099418,1.6235762951075903,-2.822587092604739
147,-0.433250784490671,1.0084773720048208,0.1571302845944449,0.7402644394930279
148,0.6926844671538905,0.6273283974056088,0.35324946932690127,0.07589881848137486
149,1.563965175280758,-0.8214684359764552,0.361502590602277,-2.6559699323692416
150,1.3304174783155827,-0.37712429919757345,0.05757586931152764,-1.3201808670688684
151,0.3931089865152435,-2.570493571825138,0.08236909183739108,2.7343737213314
152,-1.6778702595549542,0.2262697680245888,0.5045130705772026,-0.807356908973434
153,1.5577090517254764,-0.290358094626365,-0.7258460657713408,2.1951021613435575
154,-0.4218961822844868,-0.048831148099566464,-1.6477347478266757,-0.16429998201110527
155,0.47966160229398513,-0.6356392481339147,1.7482676308158953,-1.4000717654045478
156,-0.5237592507395438,-0.3161494564645729,-0.35823734404293267,0.2616971535466963
157,-0.3821478323615772,-0.5973647053667743,-0.12953423708378306,0.24348658524469977
158,0.29984661118483524,-0.12695765525303673,-1.0963241809616855,0.8749448395915274
159,-0.8525390816460516,-0.17646802336644363,2.152062579940984,-1.9912222976448488
160,1.4177259597610095,0.11786150912919802,-0.8254091470531728,-0.69576756974281
161,-0.067894563157707,0.23145950681723343,-0.6348467404105606,0.23701621147864171
162,1.0887918064717592,0.11987506339019915,-0.9789438860275496,1.1361884569340857
163,0.32428308675496903,-0.9625469729875118,0.6208736585654048,0.6368172096974769
164,0.6869439471370913,0.7547897355281795,0.477314797174204,1.9198135665999723
165,-0.17776855572972491,0.22526181069103493,-0.3404232342484533,-1.661765987278353
166,0.2830047843934959,1.7838405185112998,1.0711024183569677,1.006352813660753
167,-1.0705949478621712,-0.8657927796773767,-0.04779647112940095,1.5502595407974356
168,1.4446340661108312,0.6649924777727805,-0.19930815521743656,-0.8168808599327037
169,0.5240623329080275,0.15886499593162193,-0.3519692408253403,0.42523416817787335
170,0.9648020814110215,0.5535066520006388,-0.6727386290657765,-0.5924320849364456
171,-2.318167622142357,0.5430806439309671,0.2658508134426859,-1.770149007680591
172,-1.5340119150335345,1.1693053643456004,0.3624950698597102,-0.4562283174875795
173,-0.3180490650707867,0.5347592983021544,-0.001320658112216821,0.6449794400668747
174,0.9885052701764468,-1.1033289050681694,-0.850025595240351,1.2810606788461347
175,-0.4157660839714954,-1.6963897194115944,0.7228865902956833,1.8176089883587256
176,-0.8977816177880018,-0.9919993433996117,0.4332535971223661,0.7995484757654253
177,-1.1070114733912602,0.2778714209995661,-0.3581177827708925,0.30574254256088323
178,-0.7008935307594648,0.4039500081521938,-0.13360340674984694,0.2690687447986102
179,-0.5894652951087073,-0.5414943341763947,0.8762600533282519,0.3407365381304239
180,0.8209979947548522,-0.4967860491433521,0.9774468515910659,0.6853407375719303
181,0.1962925002835833,-1.200787797194828,-1.5673846067036352,-1.7185960374190952
182,-1.4597156339620136,0.93241309757256,0.9671050883455339,-3.330359397259274
183,0.09465309430068064,-0.08025546538485848,-0.1556737920224911,0.7361966153066657
184,1.1239892422959574,0.5047978676212922,-1.1315418050843389,-2.785113636276461
185,-0.7798533051539213,-0.3719858963818203,-0.7696297067619818,-0.8964961722059321
186,-1.406848651606103,0.09958042712579868,-1.3035277009122084,1.0186089724920133
187,0.3167926354104859,-1.801683328466332,-0.23018779303723694,0.21391117075741933
188,-0.5535196720485014,0.033039551884568766,-0.355862884894947,-0.8209907701984145
189,1.0278794598461185,-0.025940606650429986,1.2427156258353445,-0.10542853329124668
190,-0.5727140318410331,0.04548999304275921,0.10697011368718835,-0.7701968818239211
191,0.36825637424205143,1.1359585379130703,-0.428797882630445,0.6212140136263073
192,0.23810333144885104,1.947579271878821,-0.12380728696408781,0.5282004209696983
193,1.0487192886240586,-0.9970519823339603,-0.4788480322496758,2.6938980310815634
194,0.14737567434908122,0.6470809509328146,0.48646150844151964,-1.4643073692639268
195,0.7739310066134568,-0.3330858539120222,0.6452435355615529,0.7376942277443554
196,1.1835849512774952,-0.8182418528524296,-0.16949935761235962,1.2244854434165189
197,-1.8611128562186485,-1.4401165500175122,0.4668000583618316,15.97572320615789
198,1.2897397025445774,1.0113018849441902,2.003332163411241,11.616469080026885
199,-0.3310286468760696,0.35333452530620946,-0.6670675973544093,0.13732558279930443
200,-0.09756985176118564,1.6644321524778272,-0.10188395222100871,-1.1565202992208372
201,0.9050105054964889,0.14702538815064792,0.25703970456618314,-0.17143347093928085
202,0.2770514994560779,0.7664409508660562,-0.2762731294061369,0.7393382466505714
203,-0.3399615222460251,2.8408280348422137,2.1012624408978597,11.009863571605358
204,-1.5030354839082687,2.2476146921221254,-1.5769671481314476,27.619921419440463
205,-0.4391967052562929,-1.1892177941830542,-0.1923386180806468,1.8191037187995638
206,-0.08015518912981764,-1.4125234802927773,-0.36129444151181445,1.1464654618313876
207,-1.2210061154446952,1.8179941359006166,-0.5729632787432405,6.393568479961569
208,1.3790417893583278,0.5582791071003798,1.592125366184733,6.938116871900008
209,1.094929033429838,-1.0205831143310076,1.0617871734385749,-2.5470290089751177
210,-0.42537538561858174,1.4502135564934784,-2.2387601317337267,-2.8215395902432086
211,-1.2827819890881782,2.7079710767480805,-0.4553716154035722,11.10792814866468
212,-2.208300771097549,0.9591785855188386,1.5239916338178974,-27.590702232699567
213,-0.4326990505315802,0.614611031635184,0.947786269349573,2.1966310893487107
214,-1.7443546078778023,0.7338892481594118,0.6204999937605075,-2.2892785018300272
215,0.7248509437030392,0.9911888779818696,-1.0311964846425228,-2.7040475963638126
216,-2.167378098034452,-0.8055674558661587,-0.8176257615379188,-12.224305427985282
217,0.33282766745329345,0.2131888186416596,-2.2463219876354446,-0.4362739110568207
218,-0.6516850376301232,-0.30910871968403264,-0.9053556562836778,1.4176999882657377
219,0.07499249876035545,0.2197307000328218,0.41293440832954026,1.3896341932575764
220,-0.8277585915601069,-0.586245694831683,0.6059969313150521,1.880170013166309
221,-0.34232237774601854,1.0654326342703109,0.5181095557122871,1.264987930803437
222,-1.0193819917526978,-1.0209414086880604,-0.4897740509372764,-1.1843888260386912
223,0.5712368223668485,-0.9969987953154138,-1.0046422793854761,1.1911955158344374
224,-0.7913267785311868,-0.12573989640680022,-1.3417478881437463,-0.9036981856307875
225,0.9700274545241516,1.4177340029168222,-1.0521792588634176,-4.1283809431570155
226,-1.3350857731398251,-0.9601182926924076,-0.18651898386259394,1.2804034182057866
227,0.797417822368034,0.506390663699206,2.0182553990418497,2.7772570033766506
228,-1.005051301099155,-0.8734233825674551,0.25724611600847186,1.4210494196834085
229,-0.7301183534828363,-2.5617734342577565,-0.3616067200870415,0.44538558528542016
230,-0.803452620651601,0.1282248731669746,0.8002761879376277,0.8492041213341787
231,-1.3256378416476227,-0.10321663061281655,0.16227630945626115,-1.0793690267624474
232,-1.664483676566767,-0.06776282169305879,-1.2758466153278352,-2.2728686125432818
233,-0.34659636311859526,-0.43550697236071484,0.8703111511273116,1.0366750930615274
234,-1.8789738172376425,1.8624427246737874,0.6791652211458941,-7.248098395162917
235,-0.11432517816621224,0.842516943986043,-1.862755082487166,0.8349658201125283
236,0.4328968401174342,-0.9097441127976751,0.31296070331095227,-0.9559165161788041
237,-1.2279065017801967,-0.5103883772721038,-0.7696144633381573,-2.8786828981461827
238,0.22415422689916342,1.0743964992236057,-1.5234741347352176,-1.5225921331680066
239,-0.8200832202996959,0.5357144451499014,-0.48726953458656014,1.2255662265455056
240,0.3255725298984549,-0.33855333013049566,0.9759151313734057,0.6345461039062461
241,0.9537607898657254,-0.208992470167488,-0.7820142638527067,0.980694211404947
242,-0.2562295199913403,1.5751628513134177,1.5846834783107713,1.3738673695239398
243,0.24555920316572769,0.16977817048387722,-0.8370777303001729,-1.8092970261096673
244,2.0208867170114635,0.9560385951855226,-0.5672371024036477,-6.83639508974031
245,-0.6924799932580807,1.0440823125835117,-0.19345079211672386,0.14791203103242678
246,0.3947521854098173,1.3037315135651957,1.5136469260955692,2.2552462296317115
247,-1.5707312160860807,0.5641932574164337,0.7035554616060945,-1.8876127695596518
248,0.39126347978835935,-0.6155466224301557,-0.6348799514837709,0.6019291562218814
249,-0.6380168328807313,0.7536751213584135,-1.1943498260000338,1.0263531400452626
250,-0.44337341646078304,-0.10938998703118293,-1.5752620323321416,1.1637337853959913
251,1.910926988394384,0.6492999833068974,0.9431148665060591,10.120336280835733
252,0.836674859142588,-0.9561660764607136,-0.7960056252212577,0.006276608301567843
253,-0.5348631752114265,-1.8668480103562224,1.3028160205835244,4.383605809407878
254,-0.45152853455000924,0.048138963631682165,-1.4422259790590866,0.35228786583584437
255,-0.18283640041801885,0.07782157882738831,0.7820832495585219,-0.25302918045939277
256,0.7759387539461257,0.9594070022385676,0.22219958693153105,1.4677617801782292
257,-0.6906944706744708,-0.6849474446319694,0.41684162592451246,-1.082335575781849
258,-0.14213650906507266,1.1701134583245447,-0.7663660775413634,-0.21615432151306235
259,-1.689120184004318,-0.14006504945909268,-0.9739801076447432,-2.016182395970775
260,0.28720565012615124,-0.11327996757444267,-0.14125254001327453,-0.7144686430768455
261,-0.015677853735540856,-0.8746544355592484,0.6119081218670013,-0.6131740480351542
262,-0.8952928286004641,-0.08343491615934528,0.7663614459317993,-1.0242778217250108
263,-0.91342952219904,0.36667492091657083,-0.3620417410203043,-1.3682452437749482
264,-1.1218197263732337,0.6233674297555459,0.3535261240452522,-1.4410700403553443
265,-0.24660984098690938,0.5609103951472668,-0.012620823983653863,0.03031183410686148
266,-1.6234630170189304,0.9273954396831725,-0.6507801064361475,7.150503859561718
267,-0.9993311806150472,-1.972843321117719,0.1544916667769981,4.111681564199416
268,0.00859189234978864,-0.5971605462767644,-0.5099700613623894,0.05421246758399663
269,-1.0856033770632088,-2.1641957260767666,-2.071107799138563,-13.217115989607356
270,0.6113285410145043,0.173660574752531,1.4627624369857375,0.4335378297182626
271,-0.7066764423908427,1.399060455626775,0.1856876375434405,0.8746219286645405
272,-0.40144030038583195,0.7804828309867854,-2.341024518038439,0.07679265140967206
273,0.4641441455127759,1.711645196147815,0.3280207828104137,1.812143031344015
274,1.3249404731887537,1.013616502742644,1.6759224650976674,9.910059161273612
275,1.3691736965813055,-1.2833295647866538,-1.0925422344187583,8.00673155085326
276,-1.3306533402202159,0.1180848777301775,1.046411335709409,-0.04652012559897156
277,0.22212115580576072,-0.2075302033134422,-0.5329261202356433,0.7046879390111854
278,-0.25229071659885977,-0.5999937290536174,0.16345034720005364,1.0694273478591216
279,0.06952458581509356,-0.8027216442687856,-0.12472383954457694,0.7559414106653654
280,-0.4826514478618299,0.9067947694632906,-0.939999225273608,-0.4604253231961026
281,-0.2525057509640279,1.6849465054941775,0.4339638208954296,1.463932944371086
282,0.6648764043389093,0.9964038824039235,-1.4234911968793307,-0.056361699492949224
283,0.11753947853983417,-0.10159090960092032,0.5489594613473695,0.3841621482995078
284,-0.362258575051207,-0.306627428530004,0.9901274756756975,-0.5474823357217073
285,-0.14649948043202773,-0.28532939398918944,0.4312754478579358,1.5869230254622908
286,-0.015365669680110503,1.152668305355782,0.35219976236345396,0.6409910852783867
287,-1.1769227973678114,-0.6919624156924943,-0.21935804464234646,-0.03810354839954233
288,1.4244730246575255,-0.41037958720727585,-0.5925979680621832,1.0957920242953625
289,-0.8922110309171237,0.27091463531771165,-0.5993479269946644,-0.5811790226910787
290,0.4851477487786713,0.28740031218797985,-0.4939976699921547,0.6758409818765395
291,-0.7746971538021515,-0.7767608070052513,0.22321042639530825,0.8290748434420695
292,-2.0436729924386725,0.7087075853051567,-1.345809523674056,16.591745700578826
293,0.6806861782134069,0.2547221982769776,-0.40203544364199084,1.2419517416724484
294,0.45091562040737826,1.1229588034264697,-1.3692045175512793,-1.199651558267023
295,0.698425301558032,-0.7926626295808062,-2.444482282288242,0.9318750929169752
296,-0.22073912068001353,0.07306912906987505,1.0142280088337838,-0.7118825459676021
297,0.1707443068137106,-1.3244899710523959,-1.209621691489463,-1.604153374848159
298,-1.4903537609995827,-0.8408493606330774,-0.3993430528218406,-2.2921401100543832
299,1.4144516881296756,1.3482350801687395,0.07171221422405455,3.123371933961224
300,-1.431587394280252,-1.086569220845295,0.22061536689636527,3.1789685918834736
301,-0.6944504069934885,-2.0528510232425776,-0.29671356727908954,-0.14328101054052939
302,0.9353573449282873,1.7416743896639757,-0.783193686129548,-3.2152897261052797
303,-0.0951628342252919,0.9841728174367852,-0.6270096422742111,-0.40116462182990553
304,1.2683727212979778,-0.9927323451433241,-0.8675879284936974,2.9306824893143153
305,-0.22534765792721775,1.879006274265053,0.5505348473539093,1.4783035294584044
306,0.9661544038429929,-0.20357834484765816,0.2834734637501313,-1.232662467098543
307,2.397994557629205,-0.35757814359822615,0.1894424319553213,-1.4742962077621706
308,-0.2541326110063135,0.5741454137777455,-0.02988804170335237,0.42410185364933944
309,0.25627230062788925,-0.6134716264968748,-0.8949517210976348,-1.233214177114611
310,-1.3555767003061239,-1.0057370381074893,-0.44718528103188426,-0.9974179328745074
311,-0.9014400159667034,1.3982136538916579,1.0799565502512611,1.8152564853678164
312,-0.007420224432027183,0.5320694568322955,-1.3787848363779214,-0.5646723879690891
313,-0.8444213550083302,0.11552661985704586,0.9153147377388751,-1.0641191386632574
314,0.5030527588791213,2.319794046298616,0.9746800261767272,4.034215117289828
315,-0.3930530997958675,0.5892454534615462,0.5871155936407806,-0.16773499373928427
316,0.5518105391857417,2.6805867448474006,-0.1747514205790824,-0.7473045872178453
317,-0.08440884138353325,1.1851917574328619,0.1110496216885358,-0.9148208800597541
318,1.215804574438548,1.264231416840681,0.18712445883748,2.521822947582254
319,-0.10978102132738052,-0.48563914530378627,0.09619908401918316,-0.28457846456910246
320,-0.772704061719292,0.7844975501999308,1.351547434060116,-0.7198870840458951
321,2.39489439400816,-0.410652683893643,-1.0871890891423401,14.440706666405893
322,-0.4379732517340385,-1.2800336287240908,-0.34341128071730764,0.2113893325008615
323,0.6494987601409438,-1.0835931249246347,1.2765950827508405,-0.15671870637034102
324,-0.10063183967798338,0.574390973671786,0.4230062918420274,-0.46001594760717096
325,-0.22196499537289593,0.38556024537323796,-0.4411820119607733,-0.7319157683560751
326,0.30193082946801236,1.1217349565083796,-0.8010782457266516,-1.5297283078131951
327,0.04040709925565154,0.9723620894734734,0.6713344990138449,-0.6456296394416856
328,-0.9257194745807409,-0.7567575799114756,0.3806728489108588,0.01976439994785284
329,-1.2299926682678386,2.2488301724469637,-2.3461922292092368,15.957752390376355
330,0.19516252059007666,-0.054548934442876514,-0.8712840806121244,1.2996838914208186
331,-1.1062756947616337,0.8483859997956746,-1.1189575109172996,3.7078496138587065
332,0.6979738901692867,-1.3467726127559527,0.12620418047905285,-1.4449274111843984
333,0.3170044107800151,0.9762206717125566,0.6455176784452188,0.1843175463378839
334,0.7311240018417058,1.2302984951084848,-1.521067680169788,-3.5334793702511806
335,0.3713705779305849,-0.5796080653317682,-0.9409298330547047,2.5199186702430265
336,-0.11807957569943042,0.38790033555463727,1.0813191497944654,1.1671920055686251
337,-3.3685764245458847,0.3592341909633588,-1.1103446533127839,31.672037956475755
338,0.30148246724579225,1.4045660853955424,-0.27952945119738665,0.722613721950147
339,1.0490020171097922,-0.30576375216597373,0.14966413793930095,-0.49334778883483954
340,-0.2427833533895076,-0.13834110070034547,-0.6248087865096986,0.42962939655208693
341,-0.3182887334385558,0.21818763084216072,-0.5241515166805899,-2.086219217536253
342,0.6277864712217869,-2.1692377492393407,0.9832074498169785,4.998940258869566
343,0.9736324476709791,-0.9900599991055231,0.34023244133367586,0.3405852252848122
344,-0.8292136452935274,0.7473404797366113,1.267708963890346,-1.3781570766515456
345,-0.09025106991846622,-0.5126158344948206,0.4957453178873499,-1.6633310572422826
346,-0.6976230680931728,-1.3390218978756596,0.40759190626372954,1.022883777830164
347,-1.8264086537349462,0.384723646738586,-0.32416279520532026,0.364040080648496
348,0.920229680552159,-0.4000923535153318,0.9703661660646531,1.000305588630241
349,0.1710451880085428,-0.5868592519410394,-0.7539085367741876,0.26874252603499554
350,0.3477222178372647,-1.0930385027250247,-2.2661396679772285,-2.516161041685642
351,-0.5894667818259276,-0.2722242660330983,-0.3507959007672258,-0.05809303817755651
352,0.9427346727277205,-2.0421268136081765,-1.1354539103314487,3.867468227532783
353,0.15738379336852468,0.6753918199017785,-1.8717214823930621,-0.744321781422653
354,-0.4197296305990464,1.016612278050872,1.237034181029679,1.1732313224605841
355,-0.260805186107528,0.6905158595292152,0.46308821264507494,0.7644474235165013
356,-1.057503392793352,1.0117126046218137,-0.8338905117475838,2.1754117778232915
357,1.1611861964090595,-0.3529288292309636,-1.3593270212143627,1.1771685046710136
358,-0.03531625129794381,-0.11184548433097989,0.8712983911259984,-0.6662434695482669
359,-0.2689226569783238,-2.2202907265270904,-0.6920041805956518,-0.7191638323199119
360,1.3735096606671406,-1.1381220747471796,-0.686605210845721,6.054607469495179
361,1.270731921911119,0.05438215153646173,2.4584413340472056,3.0617138229021608
362,-0.33228479846038256,-0.22572518383761933,1.1576788740386341,-1.4681332767408777
363,-0.2646565599323417,-0.2960804767417551,-0.09232508505912124,-0.11127463469486368
364,-0.6137074001463728,-0.8640485498399303,0.8365566447803336,1.4880255413117796
365,1.058076375191864,-0.628893795170823,-1.7467862527087346,2.4105806690751606
366,1.8194970179828591,-0.933514129688538,-1.4565283083643088,18.001330749112416
367,-0.42271763877138724,0.3294206510603834,-2.1520861599639973,-1.7999466969392521
368,1.2944320873520299,-0.8092711903812796,-0.20365145880639038,1.659255778268179
369,0.45571520554595935,0.6168191230854855,-0.13904263535100697,-1.160833169890496
370,-2.3013397349539395,-0.06766246118937572,-0.3898865092674435,0.09861741284578973
371,-0.7336164852028543,-0.10423459831301812,1.756325330398104,-0.8378068898847791
372,-0.5159258918961755,0.18913736154805924,1.7860018319369604,-0.08991616442532457
373,-0.09116646394038477,-0.6038166342795167,0.36609319308037397,-0.6329948582447655
374,-1.9711057658171212,-0.6105964303098887,-1.4114723599751582,-13.02680457714395
375,0.6958757780611828,0.9701615370096794,-0.9030553863460352,-1.514183800329155
376,0.471090919619717,-0.21051737327948236,0.038387684680116545,0.4136768779028129
377,-0.42880932962003854,0.3493920664087475,0.23346445694306692,-0.5266228555130125
378,-1.9013788833739387,-0.7398554047725809,0.21751024018094728,4.313144982763663
379,0.34268899018797583,0.9866461110568595,0.8522683558116987,2.052958508864818
380,0.0731422681286709,-2.0592249301676264,1.6070735154540636,3.903243631583912
381,0.6830635500511543,0.8763132090491601,-1.0337631966728467,-0.9463310549464367
382,2.160962026914857,-0.7822044846339277,-0.6388954414747586,9.385753938167472
383,-0.789455147962594,0.8339093108707816,-0.8809540187935293,-0.34990022089633444
384,1.0597317589684148,-0.1545215207925721,-0.17073571112014022,-0.4431967902038182
385,-0.7178937101369846,-0.5878013031155496,0.48258596136143744,0.9303689532585925
386,-0.0407034717894632,-1.2392471725620735,0.2560685650459172,0.13401341274005463
387,-0.9865540730095401,-0.5350344275830315,-2.008653634012332,-1.2955269897151398
388,-0.5422521272431903,1.2937321040719814,-1.7454043038830007,-1.6049704890113383
389,-0.25124620200198267,-1.1396268089651571,0.023971062082446377,0.06411648891069978
390,-1.691630389512224,-0.11689758390131785,-0.6744790793502466,-1.7074443164537039
391,2.6953301553527,0.2311621938512112,1.33607039984873,13.167151807973733
392,0.5373137992572266,1.3432401658602837,0.21273564372092665,0.7680346104850623
393,0.17450184210578298,-0.806702235395149,2.470793412823328,0.3365358896822964
394,0.18616256214201157,0.7030958684874244,0.21967367010816483,0.38616483540287616
395,0.34970115483135683,0.5164029408992317,1.0159791998780032,0.5371597865936785
396,-1.7023393207590325,0.4599697231919342,0.6160473302248136,-3.7982963487548984
397,-0.9923399971842111,-0.324735145732405,-1.2765156243837732,-1.2376725345278894
398,1.0561975280777023,-0.28999928215067494,-1.8987195468677258,2.7688976436944803
399,0.48144854401967224,0.9368678597979688,0.6058519041108111,0.32934725121827924
400,0.9052826286207556,1.8739951416265268,0.9418804215772738,6.119640185692771
401,-2.8327078997262354,-0.7845108762294166,-1.3870528778227842,-46.60245781338979
402,2.20722902122937,-0.9399881205251477,-1.2500442754465442,27.954544746074305
403,-0.44422096979187403,-1.4527547195125825,0.06621603318262706,-1.2346020854526678
404,-0.9549427401370945,-1.4834891336827076,0.7177774753350517,3.525342593858552
405,-0.1339017058578284,-0.28622679083661984,-0.18526985147289027,-1.4265448023586658
406,0.28845164564797715,-0.030825752873929562,-0.10699338818987414,0.5803574419698996
407,0.26333149727576727,-0.3224183540594272,0.024856181135030853,-0.5978228430069202
408,0.42382686059748576,-0.7892336351778727,2.2119222308232875,-1.7219232836159766
409,-1.9594847495259062,1.2037901163166846,1.6518899554468547,-24.042942307865523
410,0.03700850344346638,0.025582318922650928,-0.6704602111367728,0.9409134195670175
411,-0.801278801300952,-1.2525818294736941,0.16278320608599733,0.24023134884282793
412,-1.4814027693420284,-0.4002059817349825,1.0395330797446702,3.476629668729167
413,0.0914679928636355,1.5765289004761582,-0.5579711516054937,-0.5699759475440506
414,-0.6915501563134392,-0.20964850062706206,0.6098865384437234,-0.5572240860961049
415,-0.8809073199501112,-0.26997139407032394,2.084775501290538,0.6811972335946255
416,0.0446396572088852,-0.02184089400793181,-1.4335326489530433,-0.20474369364356637
417,1.635098586718356,2.040188637306093,-1.000952213635827,-11.909692780170776
418,0.6414962176864966,-1.9034783051105628,0.12112543541787402,-0.24183564636249577
419,-0.33860198321339974,0.032395907500239414,-0.39452399068443167,-1.2555393074112344
420,1.32394280884782,-0.4419878095232815,0.26228210310485006,-0.32100880921076475
421,-0.15100650168170224,-0.13597796157328787,-1.0822995439429288,-1.4801213061794596
422,0.3443250902275807,-1.6818799652956455,2.66167064894656,4.28803131041115
423,-0.7621915285132459,1.8349840276599276,0.4488256458227807,1.5490997398051294
424,-0.9275937850686314,-0.1798532972825914,1.4955434747895808,0.9177303681747422
425,0.2626625538137908,-0.5747206716961332,-2.300678234531171,-1.024042015821589
426,0.1883030144053123,0.5897865915662807,0.28074643624808654,0.7433404793782674
427,-1.727759078784864,-0.4301315615079785,1.4701401990409777,7.060594371600584
428,0.12637294907200028,0.45152367872035826,0.5133775123810796,-1.5970544608996575
429,1.9941615721800645,-1.055018562668563,-1.079006851017709,19.83095335524888
430,0.2503258986022176,0.7020648311756031,-1.1321258993671715,-0.8878073117516154
431,-0.7210243098796569,-0.631474220046685,-0.6134652911864537,-0.5169247319425632
432,-0.12358180417755493,0.8761440486055164,1.0940708172457037,1.778119226622726
433,-0.698723970121518,0.7778925734551202,1.7231405599068739,-0.1759521708057668
434,-0.154951050984154,-0.214031622154956,-1.4336250781637045,-0.10374915468460272
435,1.4895429296840266,0.2904405872007575,2.2129208469412336,5.128167362766201
436,-0.884602131391005,-0.049088269301268916,0.8794452452142407,-1.0897180174497318
437,-1.314111098331678,-1.2785527811053103,-0.8754606903166398,-4.596988632122519
438,0.9597930620467328,-0.031247835043630434,2.7645213864206117,-2.1538379149092584
439,1.3567699404868623,-1.6272470541003874,0.6019336604472201,-0.5768153542783716
440,0.04309407786249357,-0.9874755946914309,0.009577384844731151,-0.38118630413917487
441,1.8496954312689067,-1.4743021896309192,0.41655992850630447,-0.6548092029734587
442,-0.8813662153343267,1.3220842615830197,-0.8140339466819567,3.0882287803909807
443,-1.0428161666932845,-1.858321683133441,0.11240651318505827,2.1190267754863763
444,0.9263119239462143,0.9521171561514724,-0.2758537159536645,-0.22103221018517877
445,-0.6135922649282983,0.7937797975090987,-0.6142085378552748,-1.3615565951361948
446,-0.17189195045129696,0.5313458273889978,2.0196047576181986,-0.4527685761361529
447,0.11385541592463305,0.572511107703732,-1.355133040745541,-1.002594461205979
448,-0.5317437205585799,-0.6514389034285407,-1.199479408492398,-4.195771139474836
449,1.5886862322338655,0.12126117694063912,-0.26457799553460515,0.0005148440045702474
450,-1.3287273121810892,-1.7335844859271732,1.7945632631648119,21.626389362874612
451,-0.9612111107677943,0.11997158437993129,0.4859951681102322,-0.7265146515469977
452,-1.6097231925767903,-0.3875376360110981,0.6525217737964237,1.8414058987265771
453,-0.2833183885923211,-0.4234043219449485,-0.460234666884559,1.0462905678724166
454,0.5749563741047728,0.9392148552572877,-0.6973510741174354,-0.19064063749017562
455,-0.35131158333692647,1.469929923958628,-0.18529489308718436,0.38121562861284536
456,1.2001195330451206,1.433043672921557,-1.5764433082114249,-8.091362662173353
457,1.6026460549238513,0.9270214860090843,0.56014972139327,5.881563788831761
458,-0.010808901472732281,-1.5530731210545234,-1.7305667186403402,-2.3801004530096592
459,2.0697674404304967,-0.4641210363508393,0.41136806584865687,-2.8275456479560948
460,1.1551672878764592,0.7240266495182599,1.3534131230765696,5.462825640496746
461,1.7192013333086658,-1.8918005444493682,-3.218930228800951,61.80240865993895
462,0.35060008528099545,0.5257682089402814,1.9292756139521947,0.16243655142940638
463,-0.8620446633522509,0.21104857337888766,-0.4189445776997256,1.005715956824868
464,1.435081260096982,0.3669845664908864,-0.17341648720121075,-1.9155713069423679
465,0.43687784311111316,0.9891149294089014,-0.5827529181431066,-0.03161460612650824
466,0.1531455195797351,-0.1944413753082687,-1.7870399039519334,0.46810185415919275
467,0.27205131094054025,1.0731102279691296,0.799126181849435,0.4224720274467668
468,0.10649567945900971,0.8751443144023632,-2.8204792636159692,-0.049984262533090185
469,0.7823910379521003,0.9322535818402046,-1.440614076677917,-1.3563530767625762
470,1.0142841138948837,-0.6270154859478573,-0.8656199982601549,1.020309410708642
471,-0.6563084408493675,-0.3781998865568918,-1.5832813530268661,-0.7589531034388496
472,0.3405062446122433,-0.03816771631985522,-0.6280971157992135,0.5682109868493201
473,-0.57228341478705,0.1885189346936507,0.19860486358493915,-0.9728511354799434
474,-1.1379368470874502,1.720932214857359,-0.8290331578923142,5.965541958511447
475,1.3903959299106614,0.2400776746388,0.1865261042431196,0.567129430175332
476,-1.5924588396247201,-1.1782863733577669,1.1301465556824708,14.67749501608087
477,0.1937363312808869,0.9825572433040906,0.7526412911621573,-0.5427603148085884
478,-0.7868146349327165,-1.2417308273421652,0.8905219655523013,2.666091675081166
479,1.776765664530197,1.579546751790481,1.0262643870200632,25.229039039953282
480,-0.038691791836186464,1.044723999410913,-0.6270107527050491,1.4379358373100775
481,-0.34544736616246263,0.36874464038642357,-1.908161141696167,-0.09969204684719588
482,-1.0958815863780798,0.5285492998276722,-1.4982437160987114,2.4360931483460915
483,0.28727304313648827,1.1023470096244623,-0.6777434131876063,0.17609761630440335
484,-1.6244665486516066,0.04391053035195837,-0.9180835377146818,0.8144587516667885
485,0.21737075549782298,-0.47942273999374746,0.4789003891560687,-0.08807876569975508
486,-0.08403594095357624,-0.14591272493039972,-0.15598198404016125,-0.8667631410640898
487,0.6212758717797555,-0.5243642253639386,0.44153005893820274,-0.2581895520536064
488,2.659221984467481,3.09354823352775,1.443528784304801,223.96599913640117
489,-0.3768102661363047,-0.05943274726215303,1.1501758898314567,0.6539405778072692
490,1.466215566448496,2.1065268509566186,-3.20065099132112,-45.19511662296344
491,-0.6213317934334727,-0.10990395945278894,-0.21648012846306983,-2.073376933050867
492,0.14912620526525264,0.23961359112296127,0.6997302377329631,-0.8687705203539494
493,1.2389357171872453,-2.4030805303439537,-0.11383996119733795,6.9563787759594495
494,0.746223071072964,-0.8478838811376304,0.15682855738481152,0.8139712408951053
495,0.4822099146685431,-2.1844976358244055,-0.2296688398008183,0.7545759043522682
496,-1.2762705185646461,0.7538225042082783,0.1434404369913089,1.7664819274330295
497,-0.8938634133108225,-1.0663037414182632,-0.2705888864133848,-0.9432250402409801
498,-0.0835289739851114,-1.314771150733918,1.3007903427491927,-2.048997479311859
499,0.048703723064882215,-0.31345362479470346,0.48168190771832403,-0.7551705858430328
